{
  "Comment": "A description of my state machine",
  "StartAt": "Choice",
  "States": {
    "Choice": {
      "Type": "Choice",
      "Choices": [
        {
          "Variable": "$.action",
          "StringMatches": "sha256",
          "Next": "Lambda sha256"
        },
        {
          "Variable": "$.action",
          "StringMatches": "md5",
          "Next": "Lambda md5"
        },
        {
          "Variable": "$.action",
          "StringMatches": "bcrypt",
          "Next": "Lambda bcrypt"
        }
      ]
    },
    "Lambda sha256": {
      "Type": "Task",
      "Resource": "arn:aws:states:::lambda:invoke",
      "OutputPath": "$.Payload",
      "Parameters": {
        "Payload.$": "$",
        "FunctionName": "arn:aws:lambda:us-east-1:698915160078:function:sha256-lambda-function"
      },
      "Retry": [
        {
          "ErrorEquals": [
            "Lambda.ServiceException",
            "Lambda.AWSLambdaException",
            "Lambda.SdkClientException",
            "Lambda.TooManyRequestsException"
          ],
          "IntervalSeconds": 1,
          "MaxAttempts": 3,
          "BackoffRate": 2
        }
      ],
      "End": true
    },
    "Lambda md5": {
      "Type": "Task",
      "Resource": "arn:aws:states:::lambda:invoke",
      "OutputPath": "$.Payload",
      "Parameters": {
        "Payload.$": "$",
        "FunctionName": "arn:aws:lambda:us-east-1:698915160078:function:md5-lambda-function"
      },
      "Retry": [
        {
          "ErrorEquals": [
            "Lambda.ServiceException",
            "Lambda.AWSLambdaException",
            "Lambda.SdkClientException",
            "Lambda.TooManyRequestsException"
          ],
          "IntervalSeconds": 1,
          "MaxAttempts": 3,
          "BackoffRate": 2
        }
      ],
      "End": true
    },
    "Lambda bcrypt": {
      "Type": "Task",
      "Resource": "arn:aws:states:::lambda:invoke",
      "OutputPath": "$.Payload",
      "Parameters": {
        "Payload.$": "$",
        "FunctionName": "arn:aws:lambda:us-east-1:698915160078:function:bcrypt-lambda-function"
      },
      "Retry": [
        {
          "ErrorEquals": [
            "Lambda.ServiceException",
            "Lambda.AWSLambdaException",
            "Lambda.SdkClientException",
            "Lambda.TooManyRequestsException"
          ],
          "IntervalSeconds": 1,
          "MaxAttempts": 3,
          "BackoffRate": 2
        }
      ],
      "End": true
    }
  }
}